Nr;Name;Ort;PLZ;Preis;Anschrift;Telefon/Fax;Länge;Breite;Webseite;E-Mail;Öffnungszeiten;Zahlungsmethoden;Update;Land
1;BK Tankstelle Isarparkhaus;München;80469;1.029;Baaderstr. 6;089 - 297450, Fax: 089 - 29160028;11.581261;48.133201;;
2;OIL-Tankstelle;Hennef / Sieg;53773;0.959;Frankfurter Straße 150;02242 -  869981;7.27757;50.77762;;
3;OIL-Tankstelle;Troisdorf;53842;0.959;Hauptstraße 338;02203 - 64058;7.10166;50.83891;;
4;AVIA Servicestation;Wetzlar;35576;1.069;Hohe Straße 1;06441 - 51889;8.47754;50.56469;;
5;Weidemann Tankstelle;Ahrensbök;23623;1.099;Lübecker Str.27;04524 - 706060;10.57456;54.00754;;
6;Autohaus Schleiter ;Rosenthal;35119;1.059;Huteweg 2-4;Telefon: 06458-252 - Fax: 06458-855;8.86856;50.97164;;
7;Autohaus Kreissl GmbH;Bad Homburg;61352;1.21;Benzstr. 15;06172 - 67680;8.61892;50.2173;;
8;Lange Mineralöl GmbH & Co. KG;Hagen;58091;1.139;Delsterner Str. 102 ;Tel: 02331/97850 Fax: 02331/978520;7.51108;51.34057;;
9;Tankstelle Bamberg Michael Ultsch GmbH;Bamberg;96052;1.199;Coburger Str. 42;0951 - 67974;10.88347;49.91268;;
10;OIL-Tankstelle;Düsseldorf;40547;0.959;Löricker Straße 41;0211 - 5202888  Fax 5205990;6.7224;51.24612;;
11;OIL Tankstelle;Flensburg;24939;0.959;Apenrader Str. 109;04614 - 7196;9.42235;54.80891;;
12;OIL-Tankstelle;Frankfurt / M;60433;0.959;Eschersheimer Landstraße 458;069 - 520234  fax 069 - 516767;8.66266;50.15182;;
13;OIL-Tankstelle Axel Diegelmann;Fulda;36043;0.959;Künzeller Str. 64;0661 - 9012585;9.69236;50.5401;;
14;OIL Tankstelle;Hamburg;22609;0.959;Baron-Voght-Straße 2;040 - 825502;9.86412;53.54829;;
15;OIL Tankstelle;Hamburg;20459;0.959;Rödingsmarkt 14;040 - 37501166;9.98506;53.54655;;
16;OIL-Tankstelle;Hochheim am Main;65239;0.959;Frankfurter Straße 63;06146 - 837531;8.36182;50.01395;;
17;OIL Station Inge Pietsch;Kiel;24105;0.959;Brunswiker Straße 46 - 48;0431 - 562818;10.13673;54.32883;;
18;CLASSIC Tankstelle Ingrid Meier;Hamburg ;22415;1.019;Langenhorner Chaussee 216;040-5322454 / FAX 040-18989000;10.01792;53.6507;;
19;Tankstelle ATT Ströhen;Wagenfeld-Ströhen ;49419;1.099;Pilotenstraße 2;05774 - 99700;8.67232;52.53768;;
20;AVEX Ohrem;Köln;50767;0.999;Konrad-Hausmann-Str. 2;0221 - 9591413;6.87973;50.99961;;
21;Tecklenburg GmbH & Co.KG;Hambergen;27729;1.159;Wesermünder Str. 1;04793 - 7947;8.8259;53.31091;;
22;Hitzer GmbH;Duingen;31089;1.139;Töpferstr. 26a;05185 - 1400;9.70414;52.00301;;
23;NORDOEL Tankstelle Mrosek;Wismar;23966;1.089;Querstraße 3;03841 - 334269;11.45299;53.88061;;
24;Westfalen-Tankstelle;Duisburg;47053;1.099;Wanheimer Str. 225;02 03 / 6 08 41 19;6.75271;51.40987;;
25;Auto Wahl Sport GmbH;Illingen - Hüttigweiler ;66557;1.089;Provinzialstr. 30;06825 - 93020;7.06746;49.38706;;
26;AVIA Tankstelle;Leingarten;74211;1.059;Eppinger Str. 28;07131 - 401224 ,  fax 07131/401351;9.11883;49.14731;;
27;Singer SIT Tankstelle;Vilsbiburg;84137;1.099;Fraunhoferstr. 1;08741- 92271;12.3418;48.45151;;
28;OIL Tankstelle;Bremen;28755;0.959;Hammersbecker Str. 78;0421 - 661406;8.62165;53.18373;;
29;AVIA Tankstelle Klaus Lange;Bargteheide;22941;1.129;Lohe 60;04532 - 501377;10.26928;53.72221;;
30;AVIA-Station Ralf Bienert;Bad Schwartau;23611;1.099;Tremskamp 30 - 32;0451 - 21929;10.69048;53.90473;;
31;AVIA Tankstelle Heinz Vogel;Rostock;18107;1.069;An der Stadtautobahn 38;0381 - 716070;12.0637;54.13398;;
32;Raiffeisen Warendorf eG  Sendenhorst;Sendenhorst;48324;1.099;Herkulesweg 3;02526 - 930980 Fax. -99 ;7.84564;51.84272;;
33;Tank- und Waschpark Lahr;Lahr;77933;0.999;Einsteinallee 2;07821 - 906890;7.8125;48.36126;;
34;RWZ-Tankstelle Gelnhausen;Linsengericht - Altenhaßlau;63589;1.049;Gelnhäuser Str. 93;06051 -  972720  Fax:06051-72956;9.19283;50.1953;;
35;MTB Tankautomat;Nagold;72202;1.149;Ferdinand Porsche Straße 50;07452 - 93070;8.90846;48.56511;;
36;MTB Tankstelle;Mössingen;72116;1.149;Bahnhofstrasse 37;07473 - 272051;9.05098;48.40627;;
37;FELTA Tankstelle Frenzel;Bockhorn;26345;0.999;Steinhauser Straße 14;04453 - 988023;8.01379;53.39543;;
38;FELTA Tankstelle  de Vries;Lütetsburg;26524;0.999;Landstraße 45;04931 - 7133;7.27173;53.60228;;
39;FELTA S. Daut;Uelzen;29525;0.999;Celler Straße 25;0581 -  5272;10.54252;52.9466;;
40;Raiffeisen RHV-Tankstelle;Künzell;36093;1.099;In den Gründen 6;0661- 9339909;9.73372;50.52737;;
41;Tankstelle A&G Hentzschel;Großenhain;01558;1.120;Riesaer Straße 54;03522-523884;13.49434;51.28835;;
42;Felta Autohaus Jansen;Sassenberg - Füchtorf;48336;0.999;Glandorfer Straße 20;05426 - 2305;8.03404;52.05001;;
43;FELTA Am Familia Center;Vechta;49377;0.999;Falkenrotter Straße 163;04441 - 999235;8.26401;52.73173;;
44;FELTA Reifen Ebbers;Damme;49401;0.999;Mühlenstraße 30;05491 - 975391;8.19312;52.52311;;
45;FELTA Autohaus Schlarmann;Holdorf;49451;0.999;Steinfelder Straße 22;05494 - 1037;8.1273;52.59129;;
46;bft Autohaus Kormann;Merzen;49586;1.169;Hauptstraße 17;05466 - 412;7.82868;52.47567;;
47;Raiffeisen Tankstelle;Stadthagen;31655;1.149;Nordsehler Str. 37a;05721 - 74004, Fax 74006;9.1799;52.33593;;
48;AVEX  Tankstelle;Ruhla;99842;0.999;Bahnhofstr. 38;036929 - 640030;10.37109;50.90411;;
49;AVEX Tankstelle;Mühlhausen-Ammern;99974;0.999;Am Langen Rasen 6;03601 - 426345     ;10.45596;51.23894;;
50;AVEX Tankstelle Ohrem;Dingelstädt;37351;0.999;Heiligenstädter Straße 44a;036075 - 57368 ;10.30831;51.3191;;
51;Tankhof Sauerlach FT Ritz GmbH;Sauerlach;82054;1.069;Ludwig-Bölkow-Straße 1;08104 - 649730;11.66481;47.97172;;
52;ZG Raiffeisen Tankautomat;Karlsruhe;76131;1.139;Waldhornstraße 14-16;0721 - 3521387;8.40895;49.01021;;
53;Tankstelle Ultsch;Lichtenfels;96215;1.109;Robert-Koch-Straße 18;09571 -  896650;10.61434;49.73098;;
54;BK Tankstelle Berchtesgaden;Berchtesgaden;83471;1.029;von Hindenburg Allee 12;08652 - 3322 , Fax: 08652 - 64486;12.99563;47.62788;;
55;Donig Mineralöl Vertriebs GmbH;Hofgeismar;34369;1.159;Max Eyth Straße 4;05671 - 4090-00, Fax -09;9.3906;51.50427;;
56;Gulf TS Bochum;Bochum;44866;1.139;Günnigfelder Straße 39;02327- 900100;7.143696;51.493258;;
57;AVIA Servicestation;Walldorf;69190;0.999;Wieslocher Str. 30;Tel.: 06227/8395878;8.65537;49.29372;;
58;Oil Tankstelle;Saarlouis;66740;0.959;Schanzenstr. 21;06831 - 893309;6.751;49.32531;;
59;Raiffeisen RHV -Tankstelle;Eichenzell-Welkers;36124;0.999;Am Langen Acker 17;06659 - 96440, 06659 - 964499;9.71626;50.48575;;
60;SPRINT Tankstelle;Berlin;13583;1.099;Seegefelder Str. 41;030 - 3333751;13.19129;52.53632;;
61;Bergler Mineralöl GmbH ;Weiden;92637;1.299;Neustädter Straße;0961 - 3814902;12.15871;49.69593;;
62;Gulf Addinol;Leipzig;04357;1.139;Mockauer Str. 117;0341 - 60249781;12.41177;51.37423;;
63;Palt KFZ - Service;Pegau Ot Kitzen;04523;1.220;Eisdorfer Str. 1;034203 - 51640;12.2189;51.22513;;
64;Ernst  GmbH;Bahlingen;79353;1.059;Bühlstr. 7;07663 - 1355;7.73815;48.12067;;
65;RWG Groß-Lessen ;Rehden;49453;1.099;Osterkamp 2 ;04271/8515;8.49245;52.61046;;
66;ELO Tankstelle;Erlangen;91052;1.129;Rathenaustraße 17a;09131 - 35368;11.00451;49.58388;;
67;FELTA Tankstelle;Bad Iburg;49186;0.999;Münsterstraße 45;05403 - 363;8.03792;52.15171;;
68;Raiffeisen Tankstelle Neermoor;Moormerland;26802;1.109;Borgwardring 2-4;0 49 54 / 89 42 00;7.4566;53.31181;;
69;Extrol Mineralöle Schulz;Freiburg i.Br.;79106;1.099;Freiladestr. 2;0761 - 504660;7.84629;48.01203;;
70;Raiffeisen Tankstellen;Möhnesee - Echtrop;59519;1.139;Kreisstraße 1;02924 - 366 ;8.17039;51.50675;;
71;Nibelungentankstelle;Passau;94032;1.050;Wienerstr. 69;0851- 34604;13.50183;48.57693;;
72;FELTA Tankstelle;Visbek;49429;0.999;Visbeker Damm 1b;04445 / 95779-250 Fax -255;8.303324;52.825569;;
73;FELTA;Lohne;49393;0.999;Bergweg 41;04442 - 93550;8.205;52.59341;;
74;FELTA Reinhardt;Fahrenhorst;28816;0.999;Hauptstraße 247 / B51;04206 - 323;8.71105;52.94619;;
75;FELTA Tankstelle;Essen i.O.;49632;0.999;Löninger Straße;05434 - 1612;7.9427;52.72447;;
76;FELTA Tankstelle;Twistringen;27239;0.994;Bremer Straße 53;04243 - 753;8.64764;52.80488;;
77;FELTA Tankstelle;Friesoythe;26169;0.999;Edammer Straße 12;04405 - 4216;7.94021;53.08873;;
78;bft Tankstelle;Kamsdorf;07334;1.139;Ernst-Thälmann-Str. 49;03671 -  670222;11.4573;50.64351;;
79;ZG Raiffeisen Tankstelle;Bretten;75015;1.159;Langenmorgen 1;07252 / 96389-20;8.73463;49.04918;;
80;Car Life Rhode;Wuppertal;42285;1.209;Schwesterstraße 11;0202 - 453897;7.1604;51.26777;;
81;AVIA Tankstelle Trieschmann;Haßloch;67454;0.999;Lindenstr. 15;06324/820316;8.26125;49.35556;;
82;GTR-Tankhof;Bad Krozingen;79189;1.149;Norsingerstr. 2;Tel: 07633 - 30330 Fax: 07633 - 303339;7.70719;47.92253;;
83;BFT-Tankstelle Treffinger;Oberderdingen;75038;1.099;Flehingerstraße 51;Tel: 07045 / 91002 Fax: 07045 / 91004;8.80448;49.06651;;
84;Tank- & Wasch-Park;Kassel;34123;1.199;Heiligenröderstrasse 55  ;0561 - 525859 , Fax: 5280619;9.54577;51.30776;;
85;DBV-Tankstelle Andreas Fischer;Thüngen ;97289;1.059;Untere Buchenhölle 1;0931 - 970040;9.85717;49.93972;;
86;Agro Bördegrün GmbH & CoKG ;Niederndodeleben;39167;1.149;Ringstr. 91;039204  - 61041;11.52181;52.14801;;
87;Raiffeisen Dannenberg;Dannenberg;29451;1.154;Lüneburger Straße 16;05861 - 801118;11.08248;53.0947;;
88;Freie Tankstelle Mettjes;Jever;26441;1.089;Mühlenstr. 75-77;04461 - 9177919;7.91008;53.56749;;
89;Zwissler KFZ & Landmaschinen;Ottersheim;76879;0.999;Germersheimerstr. 39;Tel.: 06348 - 6494 Fax: 06348-7695;8.2321;49.18827;;
90;Roth Station;Gießen;35398;1.039;Gottlieb-Daimler-Straße 7;01805/768487;8.64982;50.58339;;
91;Stader Saatzucht eG;Selsingen;27446;1.099;Schwokenberg 6;04284  - 930820;9.20459;53.37183;;
92;Sparkuhle;Negenborn;37643;1.099;Neue Straße 3;05532 - 8201;9.56625;51.88503;;
93;MTM-Tankanlage;Ruppichteroth Schönenberg;53809;1.109;Rathausstraße 20-22;02295 - 901680  Fax:02295 - 901004;7.43686;50.83809;;
94;Gromatec GmbH;Großobringen (bei Weimar/Thüringen);99439;1.059;Wohlsborner Strasse 1;03643 - 48370, -483722, -483737;11.34104;51.03317;;
95;Tank-Max;Steinbach  / Taunus;61449;0.999;Industriestr. 2;06171 - 50770;8.58282;50.17112;;
96;CLASSIC Tankstelle Mieth;Rödermark;63322;1.109;Traminer Str. 45;06074 - 87490  Fax.: 06074 - 874936;8.80196;49.96835;;
97;Konrad Deppe Freie Tankstellen;Algermissen;31191;1.179;Hohe Worth 6;;0;0;;
98;Tankstelle und Ford Autohaus Schröder;Rhade;27404;1.079;Zevener Str. 7;04285 - 651  Fax 04285 - 1650;9.1196;53.32615;;
99;RAN Tankstelle;Würzburg;97076;1.159;Nürnbergerstr. 59;0931 - 20091031;9.97927;49.79651;;
100;Hoyer Autohof Soltauer Heide;Soltau;29614;1.129;Gottfried-Daimler-Straße 2c;05191 -  602641;9.84763;52.9793;;
101;SPRINT Tankstelle;Berlin;14163;1.099;Potsdamer Straße 11;030 - 36752645;13.2429;52.43352;;
102;bft Tankstelle König & Platen ;Neustadt (Dosse);16845;1.219;Bahnhofstr. 16 ;033970 - 14183;12.44922;52.85238;;
103;Stader Saatzucht eG;Zeven;27404;1.099;Bahnhofstr. 60;04281 -  934620  ;9.27654;53.28458;;
104;Autoservice T. Hoofdmann;Marienhafe;26529;1.079;Burgstraße 33;04934 - 1638  Fax.: 04934 - 4668;7.27027;53.5273;;
105;Stadtwerke Marburg AG;Marburg;35039;1.109;Am Krekel 55;06421 -  205312;8.75704;50.78953;;
106;Nordoel Bergedorf;Hamburg;21033;1.089;Kurt-A.-Körber-Chaussee 52;040 - 72541351;10.19494;53.48899;;
107;AVIA Tankstelle;Lucka;04613;0.999;Breitenhainer Weg 10;034492 - 40088;12.5157;50.9434;;
108;Axel Finke ;Görschen;06618;1.079;im Gewerbegebiet Nr. 8;034445 - 20850;11.91071;51.10896;;
109;Tankstelle Volksbank Dassel eG;Dassel;37586;1.139;Erholungsheimstraße 4;05564-961025 Hr. Mulle;9.6855;51.80213;;
110;BFT Walther Tankstelle;Schweinfurt;97424;1.139;Carl-Benz-Str. 7;09721 - 658752;10.23816;50.03465;;
111;PIA Tankstelle;Missen;87547;1.109;Unterwilhams 13;08320 - 5127;10.1062;47.6091;;
112;TIW Tankstelle Irene Wörner;Bad Neustadt - Brendlorenzen;97616;1.059;Gartenstr. 58;09771 - 687241;10.19347;50.32617;;
113;Calpam Tankstelle;Kleinostheim;63801;1.039;Aschaffenburger Str. 58;06027 - 8492 ;9.06586;49.99705;;
114;Tankstelle Rodach;Edesheim;67483;1.059;Staatsstraße 8;Tel.: 06323 - 3960;8.1328;49.25972;;
115;Auto-Thielmann GmbH;Aerzen;31855;0.999;Ostertor (B1);05154 - 95440;9.26903;52.05153;;
116;bft Tankstelle;Langenfeld;40764;0.999;Hans-Böckler-Straße 66;02173 - 3946490  /  02173 - 39464919;6.924833;51.122333;;
117;Roth Station;Haiger;35708;1.109;Kalteiche Ring 1 ;01805- 768487;8.15359;50.76953;;
118;Tankautomat  Dorst;Marktheidenfeld-Altfeld;97828;0.00;Am Jöspershecklein 5;09391 - 915266;9.54581;49.82889;;
119;Timmermanns;Nettetal;41334;1.099;Wevelinghoven 14;02153 - 801984;6.2716;51.32;;
120;Autohaus Ford Brau;Oldenburg;26131;0.00;Edewechter Landstraße 157;0441 - 930210;8.21061;53.16375;;
121;Tankstelle Kaufmarkt;Sonthofen;87527;1.319;Rudolf-Diesel-Straße 1;08321 - 66870;10.269;47.52336;;
122;DBV Tankautomat;Würzburg;97080;1.059;Paradiesstr. 14b;0931 - 970040;9.88406;49.80432;;
123;Sprint Tankstelle Cottbus;Cottbus;03042;1.099;Stadtring 2e;0355 - 7293365;14.36187;51.77291;;
124;Manfred Schauer Automobile e.K.;Sächsenheim;97255;1.000;Sonderhofer Str. 10;Tel.: 09337-675  Fax: 09337-1501;9.96662;49.59274;;
125;CLASSIC Tankstelle Wengorz Tankstellen GmbH;Burgdorf;31303;1.069;Uetzer Straße 17;05136 - 9735463 bzw. 5488;10.0166;52.44444;;
126;AVIA Tankstelle;Weida;07570;1.129;Bahnhofstr. 35a;036603 - 43484;12.06261;50.7809;;
127;AVIA Tankstelle;Seligenstadt;63500;1.129;Dudenhöfer Str. 34;06182 - 8435700;8.95684;50.037;;
128;CLASSIC Tankstelle Dieter Behrens;Kirchweyhe;28844;1.059;Kirchweyher Straße 4;04203 - 81740;8.87082;52.98792;;
129;CLASSIC Tankstelle Detlef Ristig;Hannover;30419;1.069;Vinnhorster Weg 23;0511- 753165;9.69333;52.40072;;
130;Gulf Tankstelle Klitten;Boxberg OT Klitten;02906;1.05;Straße der Jugend 64c;035895 - 56760;14.5993;51.35038;;
131;Gulf Tankstelle Schönbrunn ;Saalburg-Ebersdorf;07929;1.139;Gewerbegebiet 171;036651 - 88983;11.65344;50.46884;;
132;BFT Tankstelle;Mannheim;68307;0.999;Lilienthalstraße 210;0621 - 7895494;8.46982;49.54649;;
133;Wevag Tankstelle;Bocholt;46395;1.099;Dingdener Str. 183-187;02871 - 21510;6.61243;51.81574;;
134;CLASSIC Tankstelle Ralf Hansen;Büdelsdorf;24782;1.019;Holler Strasse 106;04331 - 31623;9.68364;54.31688;;
135;CLASSIC Tankstelle ;Heide;25746;1.119;Hamburger Straße 115;0481- 3482;9.1149;54.19745;;
136;CLASSIC Tankstelle Wolfgang Bysäth;Verden / Aller;27283;1.059;Berliner Ring 7;04231 -  961670;9.25118;52.9197;;
137;Gulf-Tankstelle Naundorf;Naundorf;04769;1.139;Mügelner Straße 1;03435 - 98 60 22  / Fax. 03435 -  987492;13.10073;51.25741;;
138;Ernst & König GmbH;Weil am Rhein;79576;1.039;Freiburger Str. 112;07621 - 96970;7.61358;47.61695;;
139;Stader Saatzucht eG;Stade;21682;1.039;Bremervörder Str. 49a;04141 - 408141;9.45757;53.60379;;
140;Gulf-Tankstelle Glesien;Schkeuditz/Glesien;04435;1.059;Gagarinstr. 8;034207 - 41223;12.232145;51.44526;;
141;Gulf Tankstelle;Quirla - Stadtroda;07646;1.139;Hauptstr. 39;036428-5200;11.7725;50.86601;;
142;GULF Tankstelle;Delitzsch - Roedgen;04509;1.139;Eschenweg 1;034202 - 309574;12.30658;51.55409;;
143;Pludra Tankstelle;Rheine;48431;1.159;Neuenkirchener Str. 220;05971 - 8032611;7.41278;52.27413;;
144;Calpam Tankstelle;Medebach;59964;0.999;Oberstr. 82;02982 - 8436 ;8.6899;51.20557;;
145;Calpam Tankstelle;Hallenberg;59969;1.039;Nuhnestr. 27;029848167 ;8.62159;51.11201;;
146;TAS Tankstelle SZ-Salder;Salzgitter-Salder;38229;1.069;Museumstr. 50;05341 - 44055;10.33465;52.13469;;
147;Freie Tankstelle;Eggolsheim;91330;1.169;Fährstraße 1;09545/94160;11.031089;49.770511;;
148;TAS Tankstelle Eimbeckhausen;Bad Münder -Eimbeckhausen;31848;1.149;Hauptstr. 3;05042 - 989854;9.42213;52.23249;;
149;Roth Station;Wetzlar;35576;1.039;Dillfeld 19;01805/768487;8.47754;50.56469;;
150;Roth Station;Gießen;35394;1.039;Europastraße 5;01805/768487;8.72634;50.57154;;
151;Happy-Tank-Shop;Oldenburg;26135;1.129;Stedinger Str. 73;0441-218850;8.22893;53.13576;;
152;SB-Tankstelle Pfeffer / Tankautomat;Herzberg;37412;1.199;Siemensstr. 3;05521 - 5021, Fax 05521 - 4848;10.31814;51.64405;;
153;Schindele Handels GmbH&Co.KG;Ravensburg;88212;1.199;Im Schlegelwinkel 1;Telefon: 07 51/ 88 81-27   Fax: 07 51/ 88 81-10;9.60798;47.78933;;
154;HIT Tankstelle Mrosek;Schwerin;19061;1.089;Am Fasanenhof 5;0385 - 6172894;11.36791;53.60903;;
155;ELO-Tankstelle;Mannheim;68169;1.099;Zielstraße 36-38;0621 - 1503583;8.50135;49.50406;;
156;BFT-Tankstelle Ulrich Bause;Rüthen-Östereiden;59602;1.049;Hauptstr. 38;02954/924055 Fax 02954 / 924044;8.42375;51.56885;;
157;Gulf Tankstelle Sohland;Sohland / Rotstein;02894;1.139;Löbauer Str. 5A;035828-70731;14.77047;51.13345;;
158;CLASSIC Tankstelle Mirko Hein;Neumünster;24537;1.019;Wasbeker Straße 342;04321- 2652616;9.94116;54.06968;;
159;Gulf Tankstelle;Sohland / Spree;02689;1.139;Am Pilzdörfel 1a;035936-39040;14.42474;51.0551;;
160;LTG Tankstelle Uwe Mohr;Deutsch Evern (bei Lüneburg);21407;1.099;Timelostr. 23;04131-79.14.61;10.44556;53.20473;;
161;PS-Laden;Amstetten;73340;1.099;Hauptstraße 34;07331/715524;9.87733;48.57392;;
162;Gulf–Tankstelle;Bad Muskau;02953;1.05;Eiland;035771/5670;14.6878;51.54212;;
163;Autohaus Horstmann KG;Rastede;26180;1.089;Oldenburger Straße 125;0440292700;8.20183;53.23526;;
164;SB Wasch & Tank ;Sinn;35764;1.039;Am Rechtsrain 2;Tel.: 02772 - 52077 Fax: 02772 - 81694;8.32166;50.65501;;
165;Märkl Auto Service;Knetzgau;97478;1.139;Industriestr. 4;09527 - 9233-0, Fax  9233-33;10.55137;49.99041;;
166;GULF-Tankstelle Tino Kluge;Halsbrücke;09633;1.139;Hauptstrasse 31;03731 - 35795;13.34716;50.95073;;
167;Calpam Tankstelle Sarholz;Rennerod-Emmerichenhain;56477;0.989;Siegener Straße 30;02664-310;8.06748;50.63258;;
168;AVIA Tankstelle;Waldsee;67165;0.999;Mühlstraße 19;06236/1436;8.43785;49.38672;;
169;CLASSIC Tankstelle Birte Meiferts;Kellinghusen;25548;1.019;Mühlenbeker Straße 2;04822-5405;9.72826;53.94374;;
170;Tankstelle John;Papenburg - Herbrum;26871;1.149;Meppenerstr. 78;04962 914242 Fax: -43;7.32724;53.02533;;
171;Gulf TS Gelsenkirchen;Gelsenkirchen;45899;1.139;Bottroper Straße 52;0209 / 36168340 ;7.01344;51.53699;;
172;Tankstelle Volksbank Dassel eG;Einbeck-Edemissen;37574;1.189;Edemisser Dorfstr. 28;05561-990920;9.86429;51.76637;;
173;Raiffeisen;Wildeshausen;27793;1.129;Delmenhorster Straße 12;04431 707169;8.44281;52.90556;;
174;Raiffeisen;Esens;26427;1.049;Raiffeisenstr. 12 / Ecke Wittmunder Str.;04971 - 9193-0, Fax  04971 - 919390;7.62122;53.63299;;
175;Bachl Karl Autohaus Tankstelle;Röhrnbach;94133;1.229;Außernbrünst 22;Tel: 08582/9614-0;13.53108;48.71624;;
176;GULF Tankstelle;Waldhufen, OT Jänkendorf;02906;1.059;Schulstraße 1A;03588 / 259581;14.807;51.24996;;
177;Gulf;Warza (Gotha);99869;1.119;Langensalzaer Str.24, an der B 247;036255-82113;0;0;;
178;Gulf Weischlitz;Weischlitz;08538;1.140;Plauener Str. 35;Tel. 037436/2665;12.0581;50.45192;;
179;RWG Großlessen eG.;Kirchdorf;27245;1.094;Barenburger Str. 10;04273 / 962920;8.82306;52.59803;;
180;RWG Elbe- Weser eG.;Bad Bederkesa;27624;1.079;Raiffeisenstr. 10;04745-944740;8.74266;53.58549;;
181;Westfalen AG;Kerpen;50169;1.099;Heisenbergstr. 2a;0 22 37/65 77 31;6.75867;50.86924;;
182;Q1-Tankstelle;Leipzig;04129;1.059;Wittenberger Str. 7;0341-9003034;12.38764;51.3555;;
183;Wolters Discount Tankstelle Simons;Manderscheid;54531;1.159;Wittlicher Straße 5;06572-932-675;6.80821;50.09178;;
184;Avia;Heidelberg;69126;0.999;Karlsruher Strasse 61;06221/336665;8.68955;49.38094;;
185;Nordoel Grevesmühlen;Grevesmühlen;23936;1.089;Lübecker Straße 19;03881-71.09.942;11.17461;53.86466;;
186;BK Tankstelle;Immenstadt;87509;1.029;Kemptener Str. 53;08323-95446 /08323-98431;10.22624;47.56317;;
187;BFT-Tankstelle;Schwabhausen;99869;1.039;Neue Emleber Str. 2;Tel.: 036256 - 33576;10.72667;50.89125;;
188;Jantzon Tankstellen GmbH, TS Lührs;Salzhausen;21376;1.099;Lüneburger Str. 50;04172 - 7156;10.17911;53.21842;;
189;Hansa Energie Gohde GmbH;Sittensen;27419;1.139;Hamburger Straße  9;http://www.hansa-energie.de/;9.51064;53.28414;;
190;AVIA Tankstelle Wagner;Rodalben;66976;0.999;Apostelmühle 5;06331/16715;7.61572;49.25021;;
191;AVIA Tankstelle Brucculeri;Ludwigshafen;67065;0.999;Maudacher Str. 289;0621/552397;8.39977;49.45707;;
192;Ford Meiners;Garrel;49681;0.999;Beverbrucher Str. 27;0 44 74 / 2 29;8.02083;52.9325;;
193;LB Lohmann Brennstoffe;Schönebeck (Elbe);39218;0.00;Magdeburger Str. 220;03928-67626;11.71366;52.01606;;
194;Saatbau Clenze eG;Clenze;29459;1.169;Ostpreußenstr. 1;0 58 44/9 88 80;10.95986;52.93833;;
195;bft SB-Station;Bad Dürkheim;67098;0.999;Bruchstr. 10;;8.20197;49.46916;;
196;bft ;Mannheim;68199;0.990;Casterfeldstr. 48-50;;8.50216;49.44909;;
197;bft;Knittlingen;75438;0.999;Stuttgarter Str. 70;07043-93.01.94;8.76483;49.01783;;
198;Avia Ogrzall;Klingenmünster;76889;0.999;Weinstr. 82;06349/928499;8.02001;49.14423;;
199;Avia Lautensack;Ilvesheim;68549;0.999;Brückenstr. 3;0621/492297;8.56616;49.46948;;
200;Avia Anzalone;Deidesheim;67146;1.129;Niederkircher Str. 1;06326-980577;8.18756;49.41056;;
201;Avia Pfalzgraf;Oberhausen;76887;0.999;Untere Hauptstr. 39;06343/92030;8.06193;49.09897;;
202;bft;Hemsbach;69502;0.999;Hüttenfelder Str. 48;06201-41849;8.63829;49.59312;;
203;Avia Rempel;Schwetzingen;68723;0.999;Mannheimer Landstr. 2;06202/21304;8.56457;49.39262;;
204;Konrad Deppe Freie Tankstellen;Hildesheim;31135;1.179;Frankenstraße 47;+49 5121 6977331;9.97724;52.158;;
205;HW Wasch- und Tankservice;Langenselbold;63505;1.049;Industriestraße 1;Tel.: 06184 - 2107 Fax: 06184 - 900578;9.05113;50.16437;;
206;TankCenter Ziehl;Frankenthal;67227;1.097;Carl-Benz-Straße 28;Tel.: 06233 - 53061, Fax: 06233 - 56777;8.33674;49.54349;;
207;Tecklenburg Mineralöl;Beverstedt;27616;1.159;Logestr. 7;(04793)	7947, 7962;8.82003;53.43388;;
208;Singer SIT Tankstelle ;Hohenlinden;85664;1.149;Josef-Neumeier-Str. 1 ;08124/444842 ;11.98645;48.15588;;
209;AVIA Tankstelle Hammerl;Diez;65582;1.069;Limburger Str. 169;Tel.: 06432 - 61818 Fax: 06432 - 644619;8.04539;50.3796;;
210;Sprint;Berlin;12351;1.099;Rudower Straße 148-150; 030 - 6 62 14 57;13.47152;52.43319;;
211;SPRINT Tankstelle;Berlin;13089;1.090;Blankenburger Straße 99;030 - 47 00 44 75;13.44273;52.57131;;
212;Hoyer Tank-Treff;Bremen;28217;1.129;Hansator 7;0421-98781880;8.78431;53.0877;;
213;GULF-Tankstelle;Lößnitz;08294 ;1.139;Rudolf-Weber- Str. 83;(0 37 71) 3 65 99 30;12.72692;50.61583;;
214;Tankstelle Cremer-Heitmann ;Warendorf;48231;1.029;Freckenhorster Str. 39;02581-8026;7.9878;51.9492;;
215;AVIA Pirmasens;Pirmasens;66953;0.999;Zeppelinstr.6-12;06331/27070;7.60778;49.20401;;
216;Raiffeisen Tankstelle;Rheinbach;53359;1.099;Boschstraße 2-4;Tel.: 02226/908070 Fax: 02226/903961;6.9592;50.6339;;
217;BFT-Tankstelle Zillinger;Künzing;94550;1.139;Mithrasweg 1;Tel.: 08549 / 973850 Fax.: 08549 / 973849;13.0845;48.66933;;
218;Westfalen-Tankstelle Ruth Schmutzenhofer    ;Ahaus;48683;1.099;Wüllener Str. 64;0 25 61/39 79;6.99687;52.07382;;
219;SPRINT Tankstelle;Berlin;13599;1.099;Nonnendammallee 42;030 - 3 34 40 46 ;13.24076;52.53834;;
220;Drive In (Wiard Boomgaren);Bunde;26831;0.999;Neuschanzer Strasse 31;04953-8821;7.26133;53.1821;;
221;Markgrafen-Garage Ford;Ballrechten-Dottingen;79282;1.119;Alfred-Löffler-Str. 2;07634/8357;7.68903;47.85906;;
222;Westfalen-Tankstelle Emre Yöndem;Kerpen;50171;1.099;Sindorfer Str. 52;;6.69449;50.88238;;
223;Tankstelle Mettjes;Schortens;26419;1.149;an der B210;04461-98.62.60;7.95252;53.54226;;
224;GULF Tankstelle;Treuen;08233;1.139;Mittlerer Ring 6;0 37 46 / 8 68 81 90;12.28343;50.54853;;
225;CLASSIC AH Kaim;Leck;25917;1.019;Flensburger Str. 2;04662-879820;8.9769;54.76983;;
226;TAS Tankstelle Höckelheim;Northeim-Höckelheim;37154 ;1.069;Northeimer Straße 19;05551 / 90 816 - 30;9.95756;51.70273;;
227;Freie Tankstelle Peeck;Wolfsburg-Ehmen;38442;0.999;Mörser Str. 82;Tel.: 05362-93.81.999;10.7123;52.39304;;
228;Raiffeisen Tankstelle;Lippstadt;59557;1.139;Am Mondschein 31;02941-9736-0;8.37334;51.67247;;
229;Raiffeisen Tankstelle;Frankenberg;35066;0.999;Siegener Straße 34;Tel.: 06451 / 720931 Fax: 06451 / 23465;8.77874;51.05048;;
230;Bluel Autoteile;Hannover;30453;0.998;Am Großmarkt 5; Tel. 0511 / 43 50 81 Fax 43 50 85;9.70147;52.35197;;
231;Stader Saatzucht eG, Tankstelle Westersode;Hemmoor;21745;1.030;Dorfstr. 22;04141 4006-29;9.11434;53.70108;;
232;Stader Saatzucht eG, Tankstelle Bargstedt;Bargstedt;21698;1.039;Hohe Luft 15;Tel.04164/89 93 51 /Fax 04164 899885;9.4263;53.46131;;
233;Raiffeisen-Tankstelle Grafschaft;Grafschaft-Gelsdorf;53501;1.099;Friedrich-Wilhelm-Raiffeisen-Str. 7;02225/999620;7.0319;50.5755;;
234;CLASSIC Tankstelle Horst Heinrich;Bredstedt;25821;1.019;Husumer Str. 28;04671 1539 / 04671 5743;8.97407;54.61459;;
235;Tankstelle Pfeffer;Schwarzach;94374;1.139;Lindforst-Kreuzstr. 32;09962/305;12.82512;48.90128;;
236;Roth Automatentankstelle;Ortenberg-Selters;63683;1.109;Klosterstr. 2-4;06 41 - 6 02 - 0 / 06 41 - 6 02 - 82 14;9.03048;50.34133;;
237;RWG Moringen;Moringen;37186;1.149;Bahnhofstraße 1a;0 55 54 / 390 96-0;9.8709;51.696;;
238;Car Gas;Wabern-Unshausen;34590;0.990;Heideweg 50 ;+49 5683 922-708;9.37408;51.08422;;
239;AGROSERVICE;Nobitz OT Ehrenhain;04603;1.129;Nirkendorfer Weg 5;03449483036;12.5189;50.94507;;
240;DBV-Tankstelle Bernhard Rhein;Röttingen;97285;1.079;Rothenburger Straße 25;Tel.: 09338 / 99840 Fax: 09338 / 99842;9.97728;49.51332;;
241;Seltenhofer GmbH;Regensburg;93055;0.999;Adolf-Schmetzer-Straße 31;;12.11461;49.01659;;
242;Raiffeisen Warendienst;Alsfeld;36304;0.979;Grünberger Straße 52;Tel.: 06631 - 801140;9.2628;50.74691;;
243;Raiffeisen-Tankstelle;Aurich-Ogenbargen ;26607;1.049;Ogenbarger Kirchweg 2, an der B210;04947-203;7.60923;53.54512;;
244;Freie Tankstelle Parkkauf;Aurich;26603;1.149;Raiffeisenstr. 18;04941 994617;7.49802;53.4585;;
245;Tankstelle Alfred Kuehmichel;Weilburg;35781;1.069;Frankfurter Str. 57;06471 / 30301 Fax: 06471 / 7205;8.27992;50.481;;
246;GULF TS Lieskau;Lieskau;03238;1.139;B96;03 53 29- 4 34;13.81667;51.61667;;
247;GULF TS Dürrweitzschen;Dürrweitzschen;04668;1.109;Obstland Straße 48 ;03 43 86 / 4 47 54;12.85952;51.21019;;
248;RNT Tankstelle;Speyer;67346;1.059;Franz-Kirrmeier-Straße 7;06232-73073;8.44631;49.32354;;
249;BFT-Tankstelle;Arnstadt;99310;0.999;Stadtilmerstraße 100;Tel.: 03628 / 600713;10.96909;50.83005;;
250;Calpam-Tankstelle;Ostercappeln-Schwagstorf;49179;1.029;Hauptstr. 104;Tel.:05473-92070 , Fax:05473-920722 ;8.20752;52.37207;;
251;BFT-Tankstelle;Viernheim;68519;1.149;Gro-Harlem-Brundtland-Str. 15;Tel.: 06204/7084431;8.5964;49.54958;;
252;BFT-Tankstelle;Dahlen;04774;1.099;Bahnhofstraße 102;Tel.: 034361 / 51956;12.99105;51.35735;;
253;Westfalen-Tankstelle Ulrich Verbrüggen;Köln;50829;1.099;Spenrather Weg 1;02 21-17 09 99 40,  Fax 02 21-17 09 99 85;6.84696;50.97969;;
254;Rudi Strobler;Michelau/Schwübitz;96247 ;0.000;Marktzeulner Str. 30;;11.15535;50.16697;;
255;Konrad Deppe Freie Tankstellen;Sehnde;31319;1.179;Lehrter Str. 20;05138/2358;9.96591;52.31774;;
256;AVIA Tankstelle  Erwin Albers;Emstek;49685;0.999;Halener Straße 11;04473/2666;8.15506;52.83517;;
257;DBV-Tankstelle Bestenheid;Wertheim;97877;1.059;Bestenheider Landstraße 75;Tel.: 09342 / 915893;9.50219;49.78171;;
258;DBV-Tankstelle am Wartberg;Wertheim;97877;1.059;Berliner Ring 3;Tel.: 09342 / 856425;9.50671;49.75142;;
259;Gulf Tankstelle;Greifswald;17491;1.139;An den Gewächshäusern 16;0 38 34 / 81 80 20;13.4302;54.08022;;
260;Roth Station Weiterstadt ;Weiterstadt;64331;1.039;Waldstraße 18;;8.61124;49.88945;;
261;H. Sattler KG;Seligenstadt;63500;0.989;Steinheimer Straße 111;Tel.: 06182 / 92020, Fax: 06182 / 920219;8.97624;50.0539;;
262;Gulf Jarmen;Jarmen;17126;1.139;Gewerbestr. 1;039997-88036 Hr Baumann;13.34708;53.91796;;
263;Nordoel Tankstelle Geschendorf;Geschendorf;23815 ;1.099;Dorfstraße 95;0 45 53/99 61 954;10.45412;53.92191;;
264;Autohaus Anton Schmid;Donzdorf;73072;1.079;Mozartstraße 33;07162-91288-0;48.685574;9.79732;;
265;Avia ;Hattersheim;65795;1.109;Flörsheimer Str. 51;06145/5907838;8.46455;50.03404;;
266;CARDTANK24 GmbH;Laubach-Wetterfeld;35321;0.000;Kirchgasse 1;06405/ 505644;8.95528;50.54867;;
267;AVIA Tankstelle  M. Geyer;Gräfenhainichen;06773 ;0.999;Gadewitzer Weg 16;034953/22179;12.43494;51.72548;;
268;Pelo TSBG GmbH;Jesberg;34632;1.149;Frankfurter Strasse 1;06695-911441;9.14307;50.99498;;
269;Heinzelmann Tankcenter Korntal;Korntal-Münchingen;70825;1.129;Ostheimer Weg 5-7 (bisher: Hermann-Wissmann-Weg);Tel.: 0711/839918-0, Fax: 0711/839918-99;9.1344942;48.8300007;;
270;Freie Tankstelle Asch;Ammerbuch-Altingen;72119;1.029;Lettenstr.1;07032-911807;8.90846;48.56511;;
271;BK Tankstelle Weßling Gert Dannheim;Weßling;82234;1.029;Hauptstr. 29;08153-952400 Fax: 08153-952401;11.24969;48.07543;;
272;AVEX;Frechen;50226;0.999;Bonnstrasse 15-17;02234/9573370, 02234/9573331;6.83021;50.91112;;
273;BTF  Roßlau;Dessau-Roßlau;06862;0.999;Magdeburger Str. 102;034901-84106;12.22411;51.89331;;
274;BFT-Tankstelle Kemper;Ochtrup;48607;1.049;Gronauer Str. 78;02553-3408;7.17571;52.20843;;
275;Classic Apensen;Apensen;21641;1.019;Beckdorfer Str. 6;;9.61352;53.43293;;
276;DBV Tankstelle Mathilde Müller;Großrinderfeld-Gerchsheim;97950;1.089;Würzburger Straße 1;09344 / 207;9.77869;49.70714;;
277;Westfalen-Tankstelle Ludwig Wirtz;Düren;52351;1.099;Nikolaus-Otto-Str. 1 ;+492421 4953057/ +492421 5919590;6.50875;50.78148;;
278;BK Tankstelle Gramsamer;Neufinsing;85464;1.029;Münchner Str. 22;08121-97950;11.79965;48.21738;;
279;bft-Tankstelle Schulte;Königslutter;38154;1.069;Steimkerstr. 15;05365 - 8017;10.815099;52.306259;;
280;CLASSIC Tankstelle / Jorczyk Energie;Celle OT Groß Hehlen;29229;1.099;Celler Straße 22;05141950444 / 05141950445;10.05623;52.6572;;
281;DBV-Tankstelle Himmer;Geiselwind;96160;1.059;Wiesentheider Str. 20;Tel.: 09556-1266 Fax: 09556-286;10.46419;49.77447;;
282;BFT-Tankstelle;Oederan;09569;1.059;Ringstraße 2;Tel: 037292 / 69224;13.18919;50.86905;;
283;Autotec Riedel GmbH, DBV-Tankstelle;Werbach-Wenkheim;97956;1.059;Lindenstraße 2a;Tel.: 09349-929555 Fax: 09349-929556;9.6968;49.6971;;
284;Opel-Autohaus Bauer, DBV Tankstelle;Burghaslach;96152;1.059;Niederndorf 2;Tel.: 09552-246 Fax: 09552-7228;10.61434;49.73098;;
285;Avia Tankstelle Dorst;Ostheim v. d. Rhön;97645;1.099;Paulinenstraße 1a;Tel.: 09777/358088-0 Fax: 09777/3580291;10.23894;50.45875;;
286;Raiffeisen;Hameln;31785;1.159;Hastenbecker Weg 66;0 57 21 / 97 25 - 11;9.38465;52.10238;;
287;bft KB Petrol GmbH;Eltmannshausen-Eschwege ;37269;1.189;Soodener Str. 58;0 56 51 / 2 28 70 86;51.18469;9.990698;;
288;LTG Krage;Wietzen;31613;1.099;Bremer Staße 80;05022-980.714;0;0;;
289;Westfalen AG;Bornheim;53332;1.099;Alexander-Bell-Str. 1;0 22 22/6 48 09 65;7.02743;50.76144;;
290;Raiffeisen Tankstelle;Steinheim;32839;0.994;Lipper Tor 1;Tel.: 05233/9418-0 / Fax: 05233/9418-49;9.08679;51.87849;;
291;CLASSIC Tankstelle Müller;Oberkirch;77704;1.059;Appenweiererstr. 11;07802-704060 / Fax 07802-7040629;8.07513;48.53182;;
292;bft-Tankstelle;Dortmund;44269;1.099;Berghofer Str. 180;0231/485370;7.53767;51.47742;;
293;Roth Station Frankfurt;Frankfurt;60388;1.039;Borsigallee 31;01805- 768487;8.74572;50.13901;;
294;Jantzon Tankstellen GmbH;Harpstedt;27243;1.099;Burgstr. 36;04244 - 966861;8.58024;52.90671;;
295;Jantzon Tankstellen GmbH;Diepholz;49356;1.099;Ovelgönne 20;05441- 929980;8.366062;52.617181;;
296;DBV-Tankstelle;Schlüsselfeld;96132;1.059;Aschbacher Straße 15;Tel.: 09552/338;10.61437;49.75786;;
297;Bergler Autohof;Windischeschenbach;92670;1.349;Lindenhof, St2181;;12.184;49.806;;
298;Gulf;Lößnitz;08294;1.139;Rudolf-Weber-Str. 83;03771-3659930;0;0;;
299;Gulf;Ranis;07389;1.129;An der Trauge 1;;0;0;;
300;BK Tankstelle Großmehring ;Großmehring ;85098;1.029;Blumenstr. 7;Tel.: 08407/92910 Fax: 08407/1280;11.542747;48.768876;;
301;LTG-Tankstelle;Lüneburg ;21337;1.099;Dahlenburger Landstraße 91;04131/51857;0;0;;
302;Gulf Strehla;Strehla;01616;1.059;Bahnhofstr.27a;035264-981730;0;0;;
303;BK Tankstelle Kalb;Abensberg ;93326;1.029;Kreittmayrstraße 2;Tel.: 09443 1293 Fax: 09443 5720;11.896863;48.808927;;
304;BK Tankstelle Schütz;Deggendorf;94469;1.029;Hauptstraße 30;Tel.: 0991 7743 Fax: 0991 7724;12.948139;48.822576;;
305;Ahlert junior;Greven;48268;1.189;Alte Bahnhofstr. 66;02571-5886449;7.599315;52.093754;;
306;Sprint;Berlin;10407;1.099;Kniprodestraße 25;http://www.sprint-tank.com;13.44511;52.53389;;
307;AVIA-Servicestation Sven Sichler;Heiligenhafen;23774;1.069;Sundweg 99;04362 5034-807, Fax -818;11.000603;54.36528;;
308;Roth Station Aschaffenburg;Aschaffenburg;63741;1.039;Stockstadter Weg 2;01805- 768487;49.96367;9.09818;;
309;Freie TS Lienau GmbH;Pinneberg;25421;1.000;Berliner Str. 27;04101 79 32 26;9.78417;53.66769;;
310;Tankpunkt Götz e.K. (Tankstation Weinsberg);Neckarsulm;74172;1.119;Rötelstrasse 14;+49 7132 156960;0;0;;
311;Hoyer Autohof;Neu Wulmsdorf / Rade;21629;1.139;Schlepelsberg 2;04165-22141-0;9.803169;53.3703;;
312;Jantzon Tankstellen GmbH, TS Ulrich;Salzgitter-Lebenstedt;38226;1.129;Wildkamp 117;05341/62431;10.330582;52.173323;;
313;Hoyer Autohof Hamburg Süd, Rade;Neu Wulmstorf / Rade;21629;1.139;Schlepelsberg 2;04165 - 22 14 1-0;53.3703;9.803169;;
314;Freie Tankstelle Stock;Wiesau;95676;1.239;Friedenfelser Straße 23;09634 2011;12.17509;49.90861;;
315;Test;Test;12345;;Test;;0;0;;
316;AVEX Tankstelle;Menteroda;99996;0.999;Holzthalebener Str. 32;036029/84788;10.82249;51.313168;;
317;Sprint Tankstelle Germendorf;Germendorf;16515;1.099;Germendorfer Dorfstraße 32;03301-203917;13.187349;52.74724;;
318;Sprint Tankstelle Oderwitz;Oderwitz;02791;0.00;Hauptstr. 94a;035842-27778;14.71867;50.968206;;
319;Greenline Tankstelle;Schönebeck;39218;1.128;Magdeburger Str. 161;+49 (0) 3928 / 703770;11.7124;52.0149;;
320;Hoyer TP Götz Automatenstation;Ellhofen;74189;1.139;Am Autobahnkreuz 6;+49 (0) 7132 / 156960;9.30849;49.143902;;
321;EXTROL Tank- & Waschzentrum Haid;Freiburg;79111;0.00;Bötzinger Str. 19;http://www.extrol.de/Tank-Waschzentren/EXTROL-Tank-Waschzentrum-Haid;7.78903;47.9918;;
322;EXTROL Autohof Neue Messe;Freiburg;79108;0.00;Engesserstr. 13;0761-50466-50;7.84246;48.020138;;
323;GO Tankstelle;Berlin-Lichtenrade;12305 ;1.099;Barnetstr. 66/67;030-70762969;13.400184;52.394914;;
324;Freie Tankstelle Isar-Center;Landshut;84034;1.099;Podewilsstrasse 12;0871-97503903;12.093887;48.534454;;
325;Roth Station;Hüttenberg;35625;1.039;Am Surbach 1;;8.592731;50.524381;;
326;TS Bernhard Klövekorn;Visbek;49429;1.069;Astruper Straße 53;http://87.193.154.136/bfttsfinder/ts/?id=70_00372&firma=70072;8.308196;52.830682;;
